민간 팩토리,추진 방식,2029 도메인 게이트,2029 프런티어 격차(년),격차 1년 이하 확률,누적 재무 갭(조원),갭 10%,갭 90%,주권 커버리지,공공 총투입(조원),2028 게이트,국가 순편익 2031(조원),순편익 양일 확률,국가 순편익 2035(조원),SPC 순비용(조원),손익분기 전환율 2031
F0 민간 팩토리 없음,A 분산 지속,0.038,1.423088827015833,0.09133333333333334,8.36264968565219,7.732738938373032,8.991855184018526,0.0006666666666666666,9.0,0.0,,,,,
F0 민간 팩토리 없음,B SPC B2G 전용(조달 보장),0.30633333333333335,0.9943360239442619,0.5076666666666667,3.316247354313382,1.8787822654301627,4.748901706604141,0.5602395529509316,9.0,0.0,-0.46687608606460157,0.2805,-0.6368358876828085,0.630398584519293,약 13%
F0 민간 팩토리 없음,C SPC B2G 전용(품질 연동),0.30633333333333335,0.9943360239442619,0.5076666666666667,6.902925626586407,3.601984300971652,7.908333836411515,0.5602395529509316,9.0,0.0,-3.356865633888719,0.0251,-3.5365884184990373,3.5688520306566134,약 70%
F0 민간 팩토리 없음,"D SPC B2G 전용(품질 연동, 실현 60%)",0.30633333333333335,0.9943360239442619,0.5076666666666667,8.247270735056215,6.288470163002692,8.96662063731321,0.5602395529509316,9.0,0.0,-5.02870886766051,0.0132,-5.204358647954616,5.2057711913157245,80% 초과
F0 민간 팩토리 없음,"E 권고안(B2G와 민간·수출, 품질 연동)",0.30633333333333335,0.9943360239442619,0.5076666666666667,6.902085458919106,3.3931397836459993,7.908333836411515,0.5602395529509316,9.0,0.035333333333333335,-2.935111067902194,0.0833,-2.874411859942697,3.5084394966424277,80% 초과
F0 민간 팩토리 없음,F 권고안 경량(설비 절반)과 할당 용량,0.224,1.0581308672191583,0.4156666666666667,1.5579560789035598,-1.4755374396971277,2.3910828131374595,0.5500253594756604,4.5,0.017,0.988950304346782,0.8407,0.9962499683767668,-0.6526975153566082,10% 미만
"F1 발표 일부 실현(약 2GW, 2031)",A 분산 지속,0.079,1.2942369150275135,0.171,10.419379172858562,9.304534214165205,11.868459151215411,0.0033333333333333335,9.0,0.0006666666666666666,,,,,
"F1 발표 일부 실현(약 2GW, 2031)",B SPC B2G 전용(조달 보장),0.379,0.9425463902826213,0.59,5.407697309245371,3.691005274452981,7.206230199318572,0.572979364933126,9.0,0.0,-2.5254358364178993,0.037,-2.749101747394251,2.7410217777599932,약 47%
"F1 발표 일부 실현(약 2GW, 2031)",C SPC B2G 전용(품질 연동),0.379,0.9425463902826213,0.59,8.59215089506993,5.164155009012299,10.374223187604656,0.572979364933126,9.0,0.0,-5.185871065498934,0.0141,-5.4080742098858785,5.45530261005517,80% 초과
"F1 발표 일부 실현(약 2GW, 2031)","D SPC B2G 전용(품질 연동, 실현 60%)",0.379,0.9425463902826213,0.59,10.003260846026139,7.936072620699622,11.550087491689586,0.572979364933126,9.0,0.0,-6.945078044056448,0.0057,-7.1672405670994115,7.168106515131699,80% 초과
"F1 발표 일부 실현(약 2GW, 2031)","E 권고안(B2G와 민간·수출, 품질 연동)",0.379,0.9425463902826213,0.59,8.583388153578555,4.833621752340323,10.373287560260374,0.572979364933126,9.0,0.05333333333333334,-4.57356311213258,0.0363,-4.3665756796209365,5.36045237121456,80% 초과
"F1 발표 일부 실현(약 2GW, 2031)",F 권고안 경량(설비 절반)과 할당 용량,0.32566666666666666,0.9748592585617115,0.5426666666666666,3.2295564772736896,-0.3846790305461546,4.999209750347804,0.5649489051902814,4.5,0.03233333333333333,-0.5025448132642738,0.3948,-0.377274364666105,1.1323747095037784,약 35%
"F2 SK 15GW 계획 궤도(약 5GW, 2031)",A 분산 지속,0.10766666666666666,1.2475058183742613,0.21566666666666667,12.932721158796143,10.70079726731434,16.090138757078225,0.008,9.0,0.001,,,,,
"F2 SK 15GW 계획 궤도(약 5GW, 2031)",B SPC B2G 전용(조달 보장),0.4166666666666667,0.9157922536015553,0.635,7.170481625252178,4.909294229098103,10.140689352202287,0.5803895680220066,9.0,0.0,-4.412566322898977,0.0193,-4.671645004286819,4.6747768408771595,약 77%
"F2 SK 15GW 계획 궤도(약 5GW, 2031)",C SPC B2G 전용(품질 연동),0.4166666666666667,0.9157922536015553,0.635,10.032425052512254,6.42466632886821,13.03553934467355,0.5803895680220066,9.0,0.0,-6.883047446793735,0.0074,-7.123137480282848,7.185578112114461,80% 초과
"F2 SK 15GW 계획 궤도(약 5GW, 2031)","D SPC B2G 전용(품질 연동, 실현 60%)",0.4166666666666667,0.9157922536015553,0.635,11.57751325474125,9.26152591754124,14.472371070224545,0.5803895680220066,9.0,0.0,-8.784098529164144,0.0025,-9.042186417472477,9.046128096795417,80% 초과
"F2 SK 15GW 계획 궤도(약 5GW, 2031)","E 권고안(B2G와 민간·수출, 품질 연동)",0.4166666666666667,0.9157922536015553,0.635,10.010891200681385,6.080159938414957,13.019293536896164,0.5803895680220066,9.0,0.06133333333333333,-6.21697316142291,0.0197,-5.805228823858799,7.076587511245188,80% 초과
"F2 SK 15GW 계획 궤도(약 5GW, 2031)",F 권고안 경량(설비 절반)과 할당 용량,0.388,0.9328362548979511,0.6053333333333333,4.785935612347845,0.9549657612478347,7.860857202508146,0.575179120472767,4.5,0.046,-2.2125872858592937,0.1552,-1.8885404327821855,2.9904115256742774,80% 초과
